index,x,y,z,fractureID
1,4.1345165890,220.1299407155,396.4301458718,19.0
