x,y,z,stage,ratio
4.1345165890,220.1299407155,396.4301458718,1.0,1
