index,x,y,z
1,4.1345165890,220.1299407155,496.4301458718
